id,title_cv,experience,skills,interest,education,prjct
1,Information Technology,9,"tree, resource, keep, enter, ready",Visionary zero administration data-warehouse,Toxicologist,Rather push wonder it.
2,Software Engineering,17,"for, action, trouble, response, he",Balanced exuding info-mediaries,Psychiatric nurse,Financial notice involve in sister almost.
3,Computer Science,14,"fast, character, citizen, threat, rich",Compatible client-server database,"Education officer, environmental",Fight audience history raise one style.
4,Computer Science,1,"especially, fish, door, when, right",Digitized 24hour infrastructure,Therapeutic radiographer,Against condition everyone traditional class.
5,Information Technology,1,"region, cold, trial, pull, girl",Focused demand-driven installation,"Editor, magazine features",Program particular realize evening.
6,Computer Science,11,"hope, behavior, material, agency, behind",Pre-emptive mission-critical challenge,Insurance account manager,Program stay soldier such hot hard.
7,Computer Science,1,"they, wrong, picture, between, writer",Business-focused grid-enabled array,Medical sales representative,Left cause senior hotel those wind follow.
8,Software Engineering,16,"personal, computer, particularly, thing, fire",Fully-configurable impactful parallelism,Race relations officer,Receive relate power reveal join every.
9,Software Engineering,16,"hair, event, point, first, over",Pre-emptive zero administration model,Dramatherapist,Everything do these carry let.
10,Software Engineering,19,"bit, into, theory, coach, others",Multi-tiered intangible algorithm,"Investment banker, operational",Without rule friend modern four.
11,Software Engineering,18,"deep, apply, prove, other, crime",Cross-group explicit parallelism,Medical sales representative,Avoid direction expect which certain.
12,Computer Science,15,"really, film, land, reason, between",Cross-group systematic moratorium,Air traffic controller,Draw star your board by project.
13,Information Technology,9,"third, subject, save, describe, range",Future-proofed tertiary time-frame,"Psychologist, prison and probation services",Low region use force reason option fire.
14,Computer Science,9,"though, enjoy, describe, item, American",Fundamental multimedia initiative,Sub,Cover girl assume offer eight short eight prove.
15,Computer Science,8,"nor, next, may, lay, truth",Team-oriented context-sensitive benchmark,Occupational therapist,Economic treat page.
16,Information Technology,8,"old, hotel, general, onto, no",Integrated 5thgeneration implementation,Production engineer,Discussion other all response single your argue.
17,Information Technology,17,"or, until, meeting, every, guy",Enhanced zero administration functionalities,"Education officer, environmental",Camera city right billion stuff single difficult.
18,Information Technology,5,"mother, over, trip, environment, seven",Optimized zero administration function,"Therapist, drama",Hospital paper section administration father do lay.
19,Computer Science,11,"listen, special, six, north, public",Synchronized foreground extranet,Product designer,Anyone body part well whether.
20,Computer Science,18,"training, ball, avoid, woman, Mrs",Extended non-volatile frame,Animal technologist,Chance book skill itself.
21,Computer Science,20,"avoid, area, owner, because, article",Optimized incremental infrastructure,Clinical molecular geneticist,Wear body despite every bar instead inside federal.
22,Information Technology,1,"drug, just, green, east, range",Synergized 24/7 capability,Commercial/residential surveyor,Again set major fund show hour meet population.
23,Computer Science,12,"public, agree, fill, weight, lose",Reverse-engineered mobile analyzer,Meteorologist,Economy pick consumer myself phone.
24,Computer Science,3,"listen, while, successful, letter, group",De-engineered didactic info-mediaries,Air broker,Fast look store.
25,Computer Science,16,"push, truth, they, painting, peace",Proactive didactic algorithm,Dance movement psychotherapist,Tend man education very risk food machine.
26,Information Technology,5,"green, both, rise, mean, provide",Multi-tiered analyzing function,Chartered management accountant,Join certainly home beyond explain.
27,Software Engineering,10,"hold, customer, understand, style, easy",Synergistic didactic project,Quantity surveyor,Stock describe firm these their.
28,Information Technology,1,"loss, something, common, message, anyone",Cross-platform asynchronous capacity,"Production designer, theatre/television/film",Respond forward strong.
29,Information Technology,12,"government, air, law, focus, return",Object-based holistic open system,Television/film/video producer,Story summer stuff large light half.
30,Computer Science,19,"grow, situation, high, adult, most",Optional 3rdgeneration Graphical User Interface,Senior tax professional/tax inspector,Voice must interest.
31,Software Engineering,15,"site, man, describe, event, step",Adaptive motivating Local Area Network,"Psychotherapist, dance movement",Language baby data heart size evidence.
32,Computer Science,12,"sign, cup, stock, smile, cultural",Assimilated national secured line,Tourism officer,We response number series writer.
33,Information Technology,4,"agreement, soldier, street, issue, study",Enhanced bifurcated middleware,Medical secretary,School career you.
34,Information Technology,5,"each, occur, garden, huge, far",Focused uniform matrix,Insurance risk surveyor,Bank bad management evening.
35,Computer Science,13,"everybody, different, pick, white, job",Multi-lateral interactive adapter,Clinical psychologist,Catch rate particularly significant.
36,Software Engineering,11,"company, dark, condition, he, central",Phased bottom-line open system,Counsellor,Sure attack real wife.
37,Computer Science,13,"from, agreement, success, without, well",Synergistic regional access,Advertising copywriter,Edge page hot contain computer guess focus.
38,Software Engineering,5,"if, my, learn, national, break",Innovative 24hour projection,Recycling officer,Listen training policy.
39,Software Engineering,18,"road, feeling, staff, anyone, look",Profit-focused incremental framework,"Scientist, clinical (histocompatibility and immunogenetics)",Care which the individual show thus watch adult.
40,Information Technology,3,"that, boy, think, trip, hospital",Decentralized even-keeled leverage,Paediatric nurse,Author area strong range blood service military.
41,Computer Science,15,"start, rich, message, respond, compare",Diverse asymmetric migration,Actuary,Above also although whole.
42,Software Engineering,1,"value, home, position, price, foot",Self-enabling incremental standardization,Meteorologist,Buy do particularly effort skin economic long for.
43,Computer Science,8,"himself, civil, together, film, beat",Seamless explicit firmware,"Engineer, petroleum",Baby let quickly local.
44,Software Engineering,7,"base, everything, there, manager, and",Multi-channeled web-enabled conglomeration,TEFL teacher,Boy heart court entire player near author size.
45,Computer Science,12,"law, summer, office, fly, per",Mandatory executive pricing structure,Environmental consultant,Goal traditional during wrong.
46,Computer Science,4,"investment, assume, south, choice, why",Front-line contextually-based algorithm,Comptroller,Happy black art not consumer think.
47,Information Technology,16,"necessary, own, finish, us, actually",Function-based optimizing approach,Public relations account executive,Leader even also fact.
48,Information Technology,20,"cell, country, spend, matter, type",Profound bifurcated budgetary management,Make,Practice along event.
49,Software Engineering,15,"bed, their, trip, sort, short",Organized fault-tolerant database,"Therapist, drama",Star collection look to recently.
50,Software Engineering,11,"speech, summer, foreign, health, resource",De-engineered mobile approach,Cabin crew,Teacher big specific today participant if.
51,Information Technology,17,"control, baby, project, information, member",Self-enabling empowering initiative,"Radiographer, therapeutic",Show find power.
52,Computer Science,20,"nation, plant, all, join, week",Customizable secondary algorithm,"Investment banker, operational",Prevent save mean southern.
53,Software Engineering,4,"develop, here, month, view, may",De-engineered system-worthy secured line,"Scientist, water quality",Seven bring between cost last response.
54,Information Technology,6,"pretty, benefit, why, property, run",Enterprise-wide fault-tolerant extranet,Barrister's clerk,Allow full country happen head rest.
55,Computer Science,4,"just, whole, example, rather, week",Assimilated explicit Graphic Interface,"Development worker, community",Open seem thought would.
56,Information Technology,2,"wish, dream, near, place, act",Mandatory heuristic definition,"Investment banker, operational",Large east by though job effect.
57,Software Engineering,8,"indicate, want, arm, garden, foreign",Multi-channeled mission-critical conglomeration,Museum/gallery curator,Morning financial then set know.
58,Software Engineering,15,"teacher, building, together, behind, prove",Mandatory mobile hardware,"Engineer, civil (contracting)",Own also identify end sometimes.
59,Computer Science,11,"man, tax, prevent, show, fish",Horizontal empowering analyzer,Investment analyst,End tax brother world federal less also.
60,Software Engineering,13,"real, off, market, my, able",Synchronized zero tolerance infrastructure,Environmental education officer,Across in arm institution first future.
61,Computer Science,11,"economic, chair, prove, meeting, computer",Robust asynchronous utilization,Sales executive,Capital partner much contain effort myself state rock.
62,Software Engineering,5,"sometimes, financial, onto, time, individual",Profound mobile functionalities,Air traffic controller,Four though themselves best detail.
63,Information Technology,12,"probably, item, force, leave, property",Integrated neutral throughput,English as a foreign language teacher,Dark save soon that doctor possible.
64,Computer Science,10,"wonder, water, hospital, none, speak",Polarized fresh-thinking hierarchy,Metallurgist,Thank rich wind along I.
65,Computer Science,9,"computer, choice, job, economy, yeah",Digitized neutral application,Landscape architect,Attorney listen toward those firm before.
66,Computer Science,8,"see, network, always, enter, because",Face-to-face human-resource ability,"Engineer, civil (consulting)",Story perform young piece.
67,Software Engineering,8,"window, economy, tough, walk, of",Ergonomic grid-enabled system engine,Outdoor activities/education manager,Section tend from provide safe table.
68,Computer Science,18,"respond, loss, court, forget, half",Compatible methodical conglomeration,Copy,They perhaps respond throw them.
69,Computer Science,7,"program, great, include, foot, hand",Future-proofed incremental solution,Nutritional therapist,Official peace control note almost brother mouth.
70,Software Engineering,15,"performance, development, budget, organization, yard",Total needs-based utilization,Tax inspector,Ever Congress truth cultural write.
71,Computer Science,7,"need, fire, change, kind, argue",Cross-group context-sensitive workforce,General practice doctor,Maybe bill force public threat sport north.
72,Information Technology,5,"certain, heavy, before, ready, cup",User-friendly modular encoding,Police officer,Probably them single suggest their east property.
73,Computer Science,2,"until, owner, goal, human, top",User-friendly motivating frame,Investment analyst,Pm result person goal.
74,Information Technology,14,"life, everyone, instead, blood, knowledge",Managed explicit strategy,Building control surveyor,Yourself huge read similar production.
75,Computer Science,4,"be, teacher, across, back, yes",Optimized client-driven Internet solution,"Designer, interior/spatial",Dream understand bar without fine effect than.
76,Information Technology,6,"clear, southern, lay, speak, everyone",Adaptive 6thgeneration extranet,Adult guidance worker,Story or suffer to.
77,Information Technology,6,"good, most, bag, his, research",Proactive demand-driven open system,Dancer,Measure TV take.
78,Software Engineering,1,"require, chair, agent, bring, grow",Optimized leadingedge ability,"Nurse, children's",Next stay evidence.
79,Computer Science,9,"assume, difference, machine, world, watch",Multi-lateral secondary standardization,"Biochemist, clinical",Enough less including ago current west.
80,Software Engineering,6,"debate, attention, region, individual, decision",Persevering analyzing Internet solution,Land/geomatics surveyor,Own trade benefit why.
81,Computer Science,19,"sign, alone, everybody, foot, add",Future-proofed optimizing toolset,Senior tax professional/tax inspector,Possible three single investment front boy son.
82,Information Technology,19,"from, window, ahead, mouth, give",Virtual client-server structure,Software engineer,Yes term he yourself time her.
83,Computer Science,7,"call, nice, teacher, enough, at",Front-line web-enabled initiative,"Engineer, water",Morning available will term.
84,Software Engineering,11,"oil, letter, base, entire, play",Compatible eco-centric secured line,"Librarian, academic",Manager argue service high eye.
85,Information Technology,4,"past, security, culture, throw, key",Up-sized context-sensitive circuit,Information systems manager,Type thus lose.
86,Computer Science,17,"into, father, throughout, whether, similar",Switchable asynchronous groupware,Archivist,Wall he old analysis keep.
87,Software Engineering,5,"course, true, hundred, detail, value",Implemented solution-oriented productivity,Insurance underwriter,Number tend condition like American key appear.
88,Software Engineering,18,"official, sense, once, serious, lose",Phased encompassing solution,"Buyer, industrial",Realize skill indeed author director music clear.
89,Computer Science,14,"thus, whom, let, shoulder, pressure",Secured bifurcated approach,Maintenance engineer,Possible senior worker help weight fast rate common.
90,Software Engineering,4,"hundred, difficult, kid, central, south",Distributed full-range Graphic Interface,Outdoor activities/education manager,Area market prove talk sense.
91,Software Engineering,16,"letter, enough, may, power, knowledge",Realigned modular hub,"Producer, radio",Others service his wrong that commercial take.
92,Information Technology,1,"everyone, later, doctor, team, inside",Universal foreground project,Science writer,A computer feeling half which good.
93,Computer Science,13,"six, yourself, executive, fine, movie",Secured executive array,Rural practice surveyor,Growth friend whose enough body accept score.
94,Information Technology,20,"level, side, voice, evening, vote",Phased user-facing process improvement,Patent examiner,Seem field environment across foot.
95,Information Technology,2,"respond, poor, thing, opportunity, Democrat",De-engineered 5thgeneration customer loyalty,Agricultural engineer,Possible Mrs provide sea able election.
96,Computer Science,4,"main, church, name, drop, hold",Customer-focused optimizing core,Industrial buyer,Every that employee season pay.
97,Information Technology,19,"build, sit, treat, north, seat",Business-focused reciprocal definition,"Producer, radio",Truth work throughout them total today describe.
98,Software Engineering,13,"radio, range, maybe, fear, thousand",Configurable composite database,Petroleum engineer,Another entire easy late many reach early.
99,Software Engineering,11,"control, worry, best, career, if",Integrated executive help-desk,Production engineer,Section way year star all billion southern.
100,Computer Science,12,"specific, college, kitchen, point, personal",Organic fresh-thinking service-desk,Curator,Box they board enter.
15,softwardev,7,java,no,iset,no
16,dev,7,java,anime,isetnabeul,web sc
